nr.,time,ET,hp,Vi,aoa,FFl,FFr,F. Used,TAT
1,00:30:00,-,5483.352,115.7499999,0.04014257279586958,0.07433874952777779,0.07811868594444445,780.1788764,269.15
2,00:31:00,-,5483.352,113.17777768,0.054105206811824215,0.07307877072222223,0.07307877072222223,780.1788764,266.65
3,00:33:00,-,5483.352,92.59999992,0.06981317007977318,0.06425891908333334,0.06425891908333334,780.1788764,265.15
4,00:35:00,-,5480.304,82.31111104,0.09599310885968812,0.05795902505555556,0.06047898266666667,780.1788764,263.34999999999997
5,00:38:00,-,5483.352,67.906666608,0.15009831567151233,0.05039915222222222,0.05039915222222222,780.1788764,261.65
6,00:39:00,-,5478.780000000001,61.73333328,0.18151424220741028,0.051659131027777784,0.05291910983333333,780.1788764,261.15
