nr.,time,ET,hp,Vi,aoa,delta,deltaTr,Fe,FFl,FFr,F. Used,TAT
1,00:50:20,-,3544.824,82.825555484,0.09075712110370514,0.003490658503988659,0.059341194567807204,0,0.05417908863888889,0.060226986905555564,399.16128560000004,272.65
2,00:51:36,-,3575.304,82.825555484,0.09075712110370514,-0.005235987755982988,0.059341194567807204,-30,0.05417908863888889,0.060226986905555564,410.95468722000004,272.34999999999997
