nr.,time,ET,hp,Vi,aoa,delta,deltaTr,Fe,FFl,FFr,F. Used,TAT
1,00:46:00,-,5477.256,75.108888824,0.11693705988362008,-0.015707963267948967,0.029670597283903602,0,0.051659131027777784,0.05543906744444445,748.4274105000001,262.65
2,00:47:00,-,5562.6,70.478888828,0.1361356816555577,-0.024434609527920613,0.029670597283903602,-16,0.051659131027777784,0.05543906744444445,748.4274105000001,261.34999999999997
3,00:48:00,-,5641.848,65.334444388,0.15707963267948966,-0.03490658503988659,0.029670597283903602,-29,0.051659131027777784,0.05543906744444445,748.4274105000001,260.15
4,00:49:00,-,5721.0960000000005,60.704444392,0.18500490071139894,-0.0471238898038469,0.029670597283903602,-44,0.051659131027777784,0.05543906744444445,748.4274105000001,259.25
5,00:51:00,-,5477.256,80.767777708,0.09948376736367678,-0.008726646259971648,0.029670597283903602,24,0.051659131027777784,0.05543906744444445,748.4274105000001,263.15
6,00:52:00,-,5413.2480000000005,85.397777704,0.08377580409572781,-0.0017453292519943296,0.029670597283903602,41,0.051659131027777784,0.05543906744444445,748.4274105000001,264.34999999999997
7,00:53:00,-,5300.472000000001,91.056666588,0.0715584993317675,0.005235987755982988,0.029670597283903602,72,0.051659131027777784,0.05543906744444445,748.4274105000001,265.95
